numjobs,tot_time
1,31.255987
4,117.917141
9,497.75381
16,1174.328807
