numjobs,tot_time
1,15.047102
4,44.282423
9,101.052916
16,195.753906
